Agent,Time,Method,Resource,Version,Status
node-superagent/2.3.0,2017-10-09T20:10:10.579Z,GET,/,HTTP/1.1,200
node-superagent/2.3.0,2017-10-09T20:10:10.611Z,GET,/,HTTP/1.1,200
node-superagent/2.3.0,2017-10-09T20:10:10.621Z,GET,/,HTTP/1.1,200
node-superagent/2.3.0,2017-10-09T20:10:10.628Z,GET,/,HTTP/1.1,200
node-superagent/2.3.0,2017-10-09T20:10:10.635Z,GET,/,HTTP/1.1,200
node-superagent/2.3.0,2017-10-09T20:10:10.639Z,GET,/,HTTP/1.1,200
node-superagent/2.3.0,2017-10-09T20:10:10.645Z,GET,/,HTTP/1.1,200
node-superagent/2.3.0,2017-10-09T20:10:10.652Z,GET,/,HTTP/1.1,200
node-superagent/2.3.0,2017-10-09T20:10:10.658Z,GET,/logs,HTTP/1.1,200
node-superagent/2.3.0,2017-10-09T20:10:10.672Z,GET,/logs,HTTP/1.1,200
node-superagent/2.3.0,2017-10-09T20:11:16.950Z,GET,/,HTTP/1.1,200
node-superagent/2.3.0,2017-10-09T20:11:16.972Z,GET,/,HTTP/1.1,200
node-superagent/2.3.0,2017-10-09T20:11:16.980Z,GET,/,HTTP/1.1,200
node-superagent/2.3.0,2017-10-09T20:11:16.989Z,GET,/,HTTP/1.1,200
node-superagent/2.3.0,2017-10-09T20:11:16.992Z,GET,/,HTTP/1.1,200
node-superagent/2.3.0,2017-10-09T20:11:16.996Z,GET,/,HTTP/1.1,200
node-superagent/2.3.0,2017-10-09T20:11:17.003Z,GET,/,HTTP/1.1,200
node-superagent/2.3.0,2017-10-09T20:11:17.008Z,GET,/,HTTP/1.1,200
node-superagent/2.3.0,2017-10-09T20:11:17.012Z,GET,/logs,HTTP/1.1,200
node-superagent/2.3.0,2017-10-09T20:11:17.028Z,GET,/logs,HTTP/1.1,200
node-superagent/2.3.0,2017-10-09T20:11:43.912Z,GET,/,HTTP/1.1,200
node-superagent/2.3.0,2017-10-09T20:11:43.932Z,GET,/,HTTP/1.1,200
node-superagent/2.3.0,2017-10-09T20:11:43.939Z,GET,/,HTTP/1.1,200
node-superagent/2.3.0,2017-10-09T20:11:43.946Z,GET,/,HTTP/1.1,200
node-superagent/2.3.0,2017-10-09T20:11:43.949Z,GET,/,HTTP/1.1,200
node-superagent/2.3.0,2017-10-09T20:11:43.952Z,GET,/,HTTP/1.1,200
node-superagent/2.3.0,2017-10-09T20:11:43.957Z,GET,/,HTTP/1.1,200
node-superagent/2.3.0,2017-10-09T20:11:43.961Z,GET,/,HTTP/1.1,200
node-superagent/2.3.0,2017-10-09T20:11:43.964Z,GET,/logs,HTTP/1.1,200
node-superagent/2.3.0,2017-10-09T20:11:43.976Z,GET,/logs,HTTP/1.1,200
